{
  "dataset": "eraser_movie_reviews",
  "split": "validation",
  "sample_count": 200,
  "metrics_primary": {
    "accuracy_full": 0.89,
    "comprehensiveness": 0.07638766002934426,
    "sufficiency": -0.10051846703886984,
    "aopc": 0.15311684047765112,
    "deletion_auc": 0.6590438396977985,
    "insertion_auc": 0.8418039941801615
  },
  "metrics_secondary": {
    "diagnosticity_vs_random": 0.715,
    "sparsity": 0.37248597136440437,
    "plausibility_f1": 0.1534222213685224,
    "plausibility_iou": 0.08644365771084055,
    "runtime_seconds": 6576.3894765377045,
    "forward_counters_delta": {
      "embed_calls": 0,
      "gradient_calls": 222,
      "predict_calls": 59372
    }
  },
  "baselines": {
    "random": {
      "comprehensiveness": 0.02828029228914529,
      "sufficiency": 0.18870025839530866
    },
    "gradient": {
      "enabled": true,
      "comprehensiveness": 0.0794207998290658,
      "sufficiency": 0.12148826532158999,
      "evaluated_samples": 200,
      "failed_samples": 0,
      "error_type_counts": {},
      "error_examples": []
    }
  },
  "metrics_by_target": {
    "gold": {
      "metrics_primary": {
        "comprehensiveness": 0.07638766002934426,
        "sufficiency": -0.10051846703886984,
        "aopc": 0.15311684047765112,
        "deletion_auc": 0.6590438396977985,
        "insertion_auc": 0.8418039941801615
      },
      "diagnosticity_vs_random": 0.715,
      "baselines": {
        "random": {
          "comprehensiveness": 0.02828029228914529,
          "sufficiency": 0.18870025839530866
        },
        "gradient": {
          "enabled": true,
          "comprehensiveness": 0.0794207998290658,
          "sufficiency": 0.12148826532158999,
          "evaluated_samples": 200,
          "failed_samples": 0,
          "error_type_counts": {},
          "error_examples": []
        }
      },
      "per_q": {
        "ours": {
          "comprehensiveness": {
            "1": 0.024430878395214677,
            "5": 0.033828986771404744,
            "10": 0.059018446169793605,
            "20": 0.09989527694880962,
            "50": 0.16476471186149866
          },
          "sufficiency": {
            "1": -0.10506883583962917,
            "5": -0.12919314108788968,
            "10": -0.147099993750453,
            "20": -0.1159728492051363,
            "50": -0.00525751531124115
          }
        },
        "random": {
          "comprehensiveness": {
            "1": 0.003661925671622157,
            "5": 0.008192541951313616,
            "10": 0.01412496186420321,
            "20": 0.031004241607151924,
            "50": 0.08441779035143554
          },
          "sufficiency": {
            "1": 0.26411014044913467,
            "5": 0.2349326878511347,
            "10": 0.19757762178219856,
            "20": 0.1588626242149621,
            "50": 0.08801821767911314
          }
        },
        "gradient": {
          "comprehensiveness": {
            "1": 0.01551509279757738,
            "5": 0.04689110185950995,
            "10": 0.06900009252130986,
            "20": 0.09836585320532322,
            "50": 0.1673318587616086
          },
          "sufficiency": {
            "1": 0.1989091706648469,
            "5": 0.16371175455395132,
            "10": 0.12730222726240753,
            "20": 0.08166626524180173,
            "50": 0.03585190888494253
          }
        }
      }
    },
    "predicted": {
      "metrics_primary": {
        "comprehensiveness": 0.07917890825867653,
        "sufficiency": 0.013462168678641322,
        "aopc": 0.15906236165623475,
        "deletion_auc": 0.6983567133040123,
        "insertion_auc": 0.8240169531550847
      },
      "diagnosticity_vs_random": 0.64,
      "baselines": {
        "random": {
          "comprehensiveness": 0.04383478714674711,
          "sufficiency": 0.2082078035012353
        },
        "gradient": {
          "enabled": true,
          "comprehensiveness": 0.1003834061473608,
          "sufficiency": 0.1466538088088855,
          "evaluated_samples": 200,
          "failed_samples": 0,
          "error_type_counts": {},
          "error_examples": []
        }
      },
      "per_q": {
        "ours": {
          "comprehensiveness": {
            "1": 0.02458101511001587,
            "5": 0.043396078646183014,
            "10": 0.06874499130994081,
            "20": 0.09346410382539033,
            "50": 0.1657083524018526
          },
          "sufficiency": {
            "1": 0.016691929087974133,
            "5": 0.004223269149661064,
            "10": -0.0038058800483122468,
            "20": 0.009436522722244262,
            "50": 0.04076500248163938
          }
        },
        "random": {
          "comprehensiveness": {
            "1": 0.0077733472883701315,
            "5": 0.01838055819272995,
            "10": 0.0325032320022583,
            "20": 0.05094645074754954,
            "50": 0.10957034750282765
          },
          "sufficiency": {
            "1": 0.2771826360735577,
            "5": 0.2484964605099522,
            "10": 0.22274376749061048,
            "20": 0.1876194542180747,
            "50": 0.10499669921398162
          }
        },
        "gradient": {
          "comprehensiveness": {
            "1": 0.029119565933942795,
            "5": 0.06600760851055383,
            "10": 0.09011725343763828,
            "20": 0.12666716419160365,
            "50": 0.19000543866306543
          },
          "sufficiency": {
            "1": 0.22518453484401108,
            "5": 0.20423530855681749,
            "10": 0.15438124749809504,
            "20": 0.10711175233125686,
            "50": 0.04235620081424713
          }
        }
      }
    }
  },
  "dataset_diagnostics": {
    "samples_with_empty_text": 0,
    "samples_without_rationale": 0,
    "samples_over_backbone_max_length": 0,
    "predicted_not_gold_samples": 22,
    "token_len_eval_errors": 0,
    "skipped_missing_sample_id": 0,
    "skipped_empty_chunks": 0,
    "backbone_max_length": 2048
  },
  "q_values": [
    1,
    5,
    10,
    20,
    50
  ]
}