{
  "dataset": "eraser_movie_reviews",
  "split": "validation",
  "sample_count": 20,
  "metric_settings": {
    "protocol": "AML",
    "primary_top_k_percent": 20,
    "aopc_top_k_percentages": [
      1,
      5,
      10,
      20,
      50
    ],
    "aopc_average_denominator": "len(top_k_percentages)+1",
    "log_odds_reference_token": "<|endoftext|>",
    "perturbation_unit": "word",
    "word_segmentation": "whitespace-delimited spans with surrounding whitespace preserved",
    "chunk_to_word_projection": "overlap-weighted average chunk rank; lower rank is more important"
  },
  "metrics_primary": {
    "accuracy_full": 0.9,
    "log_odds": 0.16631845534716333,
    "comprehensiveness": 0.02093380391597748,
    "sufficiency": -0.12029704302549363,
    "aopc_sufficiency": -0.06281685704986253,
    "aopc_comprehensiveness": 0.020843386650085453,
    "aopc": 0.04784632505540266,
    "deletion_auc": 0.7751210264126918,
    "insertion_auc": 0.8840281805942315
  },
  "metrics_secondary": {
    "diagnosticity_vs_random": 0.4,
    "sparsity": 0.42100163338599705,
    "plausibility_f1": 0.1436662022285347,
    "plausibility_iou": 0.08220300010225245,
    "runtime_seconds": 3617.894440174103,
    "forward_counters_delta": {
      "predict_calls": 30924,
      "embed_calls": 0,
      "gradient_calls": 0
    },
    "eval_prob_cache_stats": {
      "hits": 31944,
      "misses": 30924,
      "unique_texts": 30924,
      "hit_rate": 0.5081122351593815
    }
  },
  "baselines": {
    "random": {
      "log_odds": 0.19366484255566654,
      "comprehensiveness": 0.014258258342742918,
      "sufficiency": 0.10568512588739395,
      "aopc_sufficiency": 0.04428638235976298,
      "aopc_comprehensiveness": 0.019104401692748067
    },
    "gradient": {
      "enabled": false,
      "log_odds": 0.0,
      "comprehensiveness": 0.0,
      "sufficiency": 0.0,
      "aopc_sufficiency": 0.0,
      "aopc_comprehensiveness": 0.0,
      "evaluated_samples": 0,
      "failed_samples": 0,
      "error_type_counts": {},
      "error_examples": []
    }
  },
  "metrics_by_target": {
    "gold": {
      "metrics_primary": {
        "log_odds": 0.16631845534716333,
        "comprehensiveness": 0.02093380391597748,
        "sufficiency": -0.12029704302549363,
        "aopc_sufficiency": -0.06281685704986253,
        "aopc_comprehensiveness": 0.020843386650085453,
        "aopc": 0.04784632505540266,
        "deletion_auc": 0.7751210264126918,
        "insertion_auc": 0.8840281805942315
      },
      "diagnosticity_vs_random": 0.4,
      "baselines": {
        "random": {
          "log_odds": 0.19366484255566654,
          "comprehensiveness": 0.014258258342742918,
          "sufficiency": 0.10568512588739395,
          "aopc_sufficiency": 0.04428638235976298,
          "aopc_comprehensiveness": 0.019104401692748067
        },
        "gradient": {
          "enabled": false,
          "log_odds": 0.0,
          "comprehensiveness": 0.0,
          "sufficiency": 0.0,
          "aopc_sufficiency": 0.0,
          "aopc_comprehensiveness": 0.0,
          "evaluated_samples": 0,
          "failed_samples": 0,
          "error_type_counts": {},
          "error_examples": []
        }
      },
      "per_q": {
        "ours": {
          "comprehensiveness": {
            "1": 0.005119659006595612,
            "5": 0.014144051074981689,
            "10": 0.021276260912418365,
            "20": 0.02093380391597748,
            "50": 0.06358654499053955
          },
          "sufficiency": {
            "1": 0.06782614439725876,
            "5": -0.14144075959920882,
            "10": -0.13294415026903153,
            "20": -0.12029704302549363,
            "50": -0.05004533380270004
          }
        },
        "random": {
          "comprehensiveness": {
            "1": 0.005515679121017455,
            "5": 0.005976206660270692,
            "10": 0.017548934966325765,
            "20": 0.014258258342742918,
            "50": 0.0713273310661316
          },
          "sufficiency": {
            "1": 0.002146280482411381,
            "5": 0.04265217065811158,
            "10": 0.06486543223261831,
            "20": 0.10568512588739395,
            "50": 0.050369284898042675
          }
        },
        "gradient": {
          "comprehensiveness": {
            "1": 0.0,
            "5": 0.0,
            "10": 0.0,
            "20": 0.0,
            "50": 0.0
          },
          "sufficiency": {
            "1": 0.0,
            "5": 0.0,
            "10": 0.0,
            "20": 0.0,
            "50": 0.0
          }
        }
      }
    },
    "predicted": {
      "metrics_primary": {
        "log_odds": 0.0038184599344511815,
        "comprehensiveness": 0.01942048966884613,
        "sufficiency": 0.006933318683877587,
        "aopc_sufficiency": 0.02730710946489125,
        "aopc_comprehensiveness": 0.020731992771228155,
        "aopc": 0.050248692331289736,
        "deletion_auc": 0.8030425316843838,
        "insertion_auc": 0.8313554428219507
      },
      "diagnosticity_vs_random": 0.3,
      "baselines": {
        "random": {
          "log_odds": -0.14571015458316236,
          "comprehensiveness": 0.03632420405745507,
          "sufficiency": 0.18381060380488634,
          "aopc_sufficiency": 0.11186122825214018,
          "aopc_comprehensiveness": 0.029199686522285145
        },
        "gradient": {
          "enabled": false,
          "log_odds": 0.0,
          "comprehensiveness": 0.0,
          "sufficiency": 0.0,
          "aopc_sufficiency": 0.0,
          "aopc_comprehensiveness": 0.0,
          "evaluated_samples": 0,
          "failed_samples": 0,
          "error_type_counts": {},
          "error_examples": []
        }
      },
      "per_q": {
        "ours": {
          "comprehensiveness": {
            "1": -0.0004719465970993042,
            "5": 0.024467456340789794,
            "10": 0.028635373711585997,
            "20": 0.01942048966884613,
            "50": 0.05234058350324631
          },
          "sufficiency": {
            "1": 0.1523548975586891,
            "5": -0.019161944882944225,
            "10": -0.006328567350283265,
            "20": 0.006933318683877587,
            "50": 0.030044952780008315
          }
        },
        "random": {
          "comprehensiveness": {
            "1": 0.0062070000171661355,
            "5": 0.004248330295085906,
            "10": 0.019782774448394776,
            "20": 0.03632420405745507,
            "50": 0.10863581031560898
          },
          "sufficiency": {
            "1": 0.11640457975678146,
            "5": 0.13445054359734057,
            "10": 0.14879867155104873,
            "20": 0.18381060380488634,
            "50": 0.08770297080278397
          }
        },
        "gradient": {
          "comprehensiveness": {
            "1": 0.0,
            "5": 0.0,
            "10": 0.0,
            "20": 0.0,
            "50": 0.0
          },
          "sufficiency": {
            "1": 0.0,
            "5": 0.0,
            "10": 0.0,
            "20": 0.0,
            "50": 0.0
          }
        }
      }
    }
  },
  "dataset_diagnostics": {
    "samples_with_empty_text": 0,
    "samples_without_rationale": 0,
    "samples_over_backbone_max_length": 0,
    "predicted_not_gold_samples": 2,
    "token_len_eval_errors": 0,
    "skipped_missing_sample_id": 0,
    "skipped_empty_chunks": 0,
    "backbone_max_length": 2048,
    "word_count_total": 14902,
    "words_split_across_chunks_total": 0,
    "words_split_across_chunks_rate": 0.0
  },
  "q_values": [
    1,
    5,
    10,
    20,
    50
  ],
  "per_q_values": [
    1,
    5,
    10,
    20,
    50
  ]
}