group_id,n_runs,seeds,gold_comp_mean,gold_comp_std,gold_suff_mean,gold_suff_std,gold_log_odds_mean,gold_aopc_suff_mean,gold_aopc_comp_mean,gold_aopc_mean,gold_deletion_auc_mean,gold_insertion_auc_mean,gold_diag_mean,comp_adv_mean,suff_adv_mean,run_pass_rate
"eraser_movie_reviews/validation|model=Qwen2.5-7B-Instruct|chunk=sentence|search=greedy|k=8|lam=1,1,1,1",3,"42,43,44",0.07562018026163181,6.430798458376656e-05,-0.10143822380403678,3.0407995872044215e-05,0.0,0.0,0.0,0.15026845608294442,0.662043524526784,0.8401356735123017,0.6583333333333333,0.047339887972486526,0.29013848219934546,1.0
"eraser_movie_reviews/validation|model=Qwen2.5-7B-Instruct|chunk=sentence|search=greedy|k=8|lam=1,2,1,1",3,"42,43,44",0.07701893011666834,0.0,-0.09839444831013681,1.3877787807814457e-17,0.0,0.0,0.0,0.15296200526512563,0.6592712033287443,0.8396896630029579,0.665,0.04873863782752305,0.28709470670544546,1.0
