{
  "dataset": "eraser_movie_reviews",
  "split": "validation",
  "sample_count": 200,
  "metrics_primary": {
    "accuracy_full": 0.89,
    "comprehensiveness": 0.07701893011666834,
    "sufficiency": -0.0983944483101368,
    "aopc": 0.15296200526512563,
    "deletion_auc": 0.6592712033287443,
    "insertion_auc": 0.8396896630029579
  },
  "metrics_secondary": {
    "diagnosticity_vs_random": 0.665,
    "sparsity": 0.36844752593043995,
    "plausibility_f1": 0.15545940076546724,
    "plausibility_iou": 0.08799706711295975,
    "runtime_seconds": 2590.70543551445,
    "forward_counters_delta": {
      "gradient_calls": 222,
      "predict_calls": 24727,
      "embed_calls": 0
    },
    "eval_prob_cache_stats": {
      "hits": 34645,
      "misses": 24727,
      "unique_texts": 24727,
      "hit_rate": 0.5835242201711245
    }
  },
  "baselines": {
    "random": {
      "comprehensiveness": 0.02828029228914529,
      "sufficiency": 0.18870025839530866
    },
    "gradient": {
      "enabled": true,
      "comprehensiveness": 0.07971464423090219,
      "sufficiency": 0.12121510063204916,
      "evaluated_samples": 200,
      "failed_samples": 0,
      "error_type_counts": {},
      "error_examples": []
    }
  },
  "metrics_by_target": {
    "gold": {
      "metrics_primary": {
        "comprehensiveness": 0.07701893011666834,
        "sufficiency": -0.0983944483101368,
        "aopc": 0.15296200526512563,
        "deletion_auc": 0.6592712033287443,
        "insertion_auc": 0.8396896630029579
      },
      "diagnosticity_vs_random": 0.665,
      "baselines": {
        "random": {
          "comprehensiveness": 0.02828029228914529,
          "sufficiency": 0.18870025839530866
        },
        "gradient": {
          "enabled": true,
          "comprehensiveness": 0.07971464423090219,
          "sufficiency": 0.12121510063204916,
          "evaluated_samples": 200,
          "failed_samples": 0,
          "error_type_counts": {},
          "error_examples": []
        }
      },
      "per_q": {
        "ours": {
          "comprehensiveness": {
            "1": 0.023455867366865276,
            "5": 0.034892311673611405,
            "10": 0.05831590175628662,
            "20": 0.10498343251645564,
            "50": 0.16344713727012278
          },
          "sufficiency": {
            "1": -0.1042967139929533,
            "5": -0.12434790946543217,
            "10": -0.14541148357093334,
            "20": -0.11649631388485432,
            "50": -0.001419820636510849
          }
        },
        "random": {
          "comprehensiveness": {
            "1": 0.003661925671622157,
            "5": 0.008192541951313616,
            "10": 0.01412496186420321,
            "20": 0.031004241607151924,
            "50": 0.08441779035143554
          },
          "sufficiency": {
            "1": 0.26411014044913467,
            "5": 0.2349326878511347,
            "10": 0.19757762178219856,
            "20": 0.1588626242149621,
            "50": 0.08801821767911314
          }
        },
        "gradient": {
          "comprehensiveness": {
            "1": 0.01551509279757738,
            "5": 0.04711052980273962,
            "10": 0.06886097349226475,
            "20": 0.09966482646763325,
            "50": 0.16742179859429598
          },
          "sufficiency": {
            "1": 0.1989091706648469,
            "5": 0.1642861487204209,
            "10": 0.12678539568558336,
            "20": 0.08106450449675322,
            "50": 0.035030283592641355
          }
        }
      }
    },
    "predicted": {
      "metrics_primary": {
        "comprehensiveness": 0.08057206567376853,
        "sufficiency": 0.016731931013986467,
        "aopc": 0.16066958572161458,
        "deletion_auc": 0.6967355961357018,
        "insertion_auc": 0.823732558015771
      },
      "diagnosticity_vs_random": 0.59,
      "baselines": {
        "random": {
          "comprehensiveness": 0.04383478714674711,
          "sufficiency": 0.2082078035012353
        },
        "gradient": {
          "enabled": true,
          "comprehensiveness": 0.10072794733941556,
          "sufficiency": 0.1464984232550487,
          "evaluated_samples": 200,
          "failed_samples": 0,
          "error_type_counts": {},
          "error_examples": []
        }
      },
      "per_q": {
        "ours": {
          "comprehensiveness": {
            "1": 0.023375987708568573,
            "5": 0.040980969816446305,
            "10": 0.06314789842814207,
            "20": 0.10667920600622892,
            "50": 0.16867626640945674
          },
          "sufficiency": {
            "1": 0.016866454095579683,
            "5": 0.009538135137408971,
            "10": -0.0007895167032256722,
            "20": 0.015273859733715653,
            "50": 0.042770722806453706
          }
        },
        "random": {
          "comprehensiveness": {
            "1": 0.0077733472883701315,
            "5": 0.01838055819272995,
            "10": 0.0325032320022583,
            "20": 0.05094645074754954,
            "50": 0.10957034750282765
          },
          "sufficiency": {
            "1": 0.2771826360735577,
            "5": 0.2484964605099522,
            "10": 0.22274376749061048,
            "20": 0.1876194542180747,
            "50": 0.10499669921398162
          }
        },
        "gradient": {
          "comprehensiveness": {
            "1": 0.029119565933942795,
            "5": 0.06622703645378351,
            "10": 0.09011725343763828,
            "20": 0.1279661374539137,
            "50": 0.19020974341779948
          },
          "sufficiency": {
            "1": 0.22518453484401108,
            "5": 0.20480970272328705,
            "10": 0.15438124749809504,
            "20": 0.10650999158620834,
            "50": 0.041606639623641965
          }
        }
      }
    }
  },
  "dataset_diagnostics": {
    "samples_with_empty_text": 0,
    "samples_without_rationale": 0,
    "samples_over_backbone_max_length": 0,
    "predicted_not_gold_samples": 22,
    "token_len_eval_errors": 0,
    "skipped_missing_sample_id": 0,
    "skipped_empty_chunks": 0,
    "backbone_max_length": 2048
  },
  "q_values": [
    1,
    5,
    10,
    20,
    50
  ]
}